Sort,Curated.name,CASRN,EC,SMILES,ke1_call,ke1_mean_c_l_dep,ke1_c_dep,ke1_l_dep,ke2_call,ke2_val,ke3_call,ke3_val,insil_call,insil_ad,DA_ITS_Call_Key,DA_ITS_Pot_Key,DA_2o3_Call_Key
1,Abietic acid,514-10-3,208-178-3,CC(C)C1CC[C@H]2C(=CC[C@@H]3[C@]2(C)CCC[C@@]3(C)C(O)=O)C=1,1,65.35,97.6,33.1,1,11.42,1,36.2,1,In,1,1B,1
2,Acetanisole,100-06-1,202-815-9,COc1ccc(cc1)C(C)=O,0,0.286475374,0.572950749,0,1,4.875939981,0,100.63,0,Out,0,NC,0
3,2-Acetylcyclohexanone,874-23-7,212-858-5,CC(=O)C1CCCCC1=O,,,,,1,26.9,1,97.93,1,In,1,1B,1
4,4-Allylanisole,140-67-0,205-427-8,COc1ccc(CC=C)cc1,1,26.26793903,41.38529284,11.15058522,0,1.25518708,1,97.82,1,In,1,1B,1
5,Allyl phenoxyacetate,7493-74-5,231-335-2,C=CCOC(=O)COc1ccccc1,1,9.15,13.6,4.7,1,1.85,0,>200,1,In,1,1B,0
6,4-Aminobenzoic acid,150-13-0,205-753-0,Nc1ccc(cc1)C(O)=O,0,0.4,0.7,0,0,1.21,0,>200,0,In,0,NC,0
7,4-Amino-m-cresol,2835-99-6,220-621-2,Cc1cc(O)ccc1N,1,63.55,99.9,27.2,1,7.608534599,1,1.75,1,In,1,1A,1
8,5-Amino-o-cresol,2835-95-2,220-618-6,Cc1ccc(N)cc1O,0,3.55,6.3,0.8,1,3.246379201,1,7.79,1,In,1,1B,1
9,2-Aminophenol,95-55-6,202-431-1,Nc1ccccc1O,1,73.49140436,100,46.98280873,1,13.53,1,<0.1,1,In,1,1A,1
10,3-Aminophenol,591-27-5,209-711-2,Nc1cccc(O)c1,1,7.592540221,15.18508044,0,0,1.406772001,1,13.94,1,In,1,1B,0
11,alpha-Amylcinnamaldehyde,122-40-7,204-541-5,CCCCCC(C=O)=Cc1ccccc1,0,1.312089631,0.085116761,2.5390625,1,1.57,1,13.1,1,In,1,1B,1
12,alpha-Amylcinnamic alcohol,101-85-9,202-982-8,CCCCCC(CO)=Cc1ccccc1,1,10.9,17.5,4.3,0,0.98,1,14.8,1,In,1,1B,0
13,Anethole,104-46-1,203-205-5,COc1ccc(C=CC)cc1,0,1.85,3.1,0.6,0,1.1,0,>200,1,In,1,1B,0
14,Aniline,62-53-3,200-539-3,Nc1ccccc1,0,0.399997083,0.799994166,0,0,1.38,1,62.5,0,Out,0,NC,0
15,Anisyl alcohol,105-13-5,203-273-6,COc1ccccc1CO,1,26.05,1,51.1,0,1.23,0,>200,0,Out,1,1B,0
16,2-(p-Anisyl)propanal,6/6/5462,226-749-5,COc1ccc(CC(C)C=O)cc1,1,26.9,48.7,5.1,1,18.38,1,5.49,1,In,1,1B,1
17,Applelide,478695-70-4,639-080-2,CCOC(=O)CC(=O)OC(C)C1CCCC(C)(C)C1,,,,,0,1.04,1,38.89,0,In,1,1B,0
18,BADGE,1675-54-3,216-823-5,CC(C)(c1ccc(OCC2CO2)cc1)c1ccc(OCC2CO2)cc1,1,12.36147114,20.72837724,3.994565036,1,12.6,1,9.9,1,In,1,1B,1
19,Bandrowski’s base,20048-27-5,na,Nc1ccc(cc1)N=C1C=C(N)C(C=C1N)=Nc1ccc(N)cc1,1,50,100,0,1,3.058765368,1,0.88,1,In,1,1A,1
20,Benzaldehyde,100-52-7,202-860-4,O=Cc1ccccc1,,,,,1,2.28,1,84.9,0,Out,0,NC,1
21,"1,2-Benzisothiazol-3(2H)-one",2634-33-5,220-120-9,O=C1NSc2ccccc12,1,50,100,0,1,23.96,1,0.4,1,In,1,1A,1
22,Benzocaine,94-09-7,202-303-5,CCOC(=O)c1ccc(N)cc1,,,,,1,2.97,0,103.4,0,In,1,1B,1
23,Benzoic acid,65-85-0,200-618-2,OC(=O)c1ccccc1,,,,,0,1.12,0,>200,0,In,0,NC,0
24,p-Benzoquinone,106-51-4,203-405-2,O=C1C=CC(=O)C=C1,1,94.85443036,98.56314282,91.1457179,1,15.19737454,1,2.44,1,In,1,1A,1
25,Benzyl alcohol,100-51-6,202-859-9,OCc1ccccc1,0,0.170159804,0.340319609,0,0,1.23,0,>200,1,In,1,1B,0
26,Benzyl benzoate,120-51-4,204-402-9,O=C(OCc1ccccc1)c1ccccc1,0,1.764611353,0,3.529222706,1,5.75,0,>200,1,In,0,NC,0
27,Benzyl bromide,100-39-0,202-847-3,BrCc1ccccc1,1,58.43673741,94.44889165,22.42458317,1,4.575,1,8.16,1,In,1,1A,1
28,Benzyl butyl phthalate,85-68-7,201-622-7,CCCCOC(=O)c1ccccc1C(=O)OCc1ccccc1,1,24.91147597,49.82295193,0,1,2.992304791,1,86.17,0,In,1,1B,0
29,Benzyl cinnamate,103-41-3,203-109-3,O=C(OCc1ccccc1)C=Cc1ccccc1,0,0,0,0,1,8.66,0,176.6,1,In,0,NC,0
30,Benzyl salicylate,118-58-1,204-262-9,Oc1ccccc1C(=O)OCc1ccccc1,0,0,0,0,1,5.51,1,66.2,1,In,0,NC,0
31,Benzylidene acetone,122-57-6,204-555-1,CC(=O)C=Cc1ccccc1,1,22.32788513,44.65577026,0,1,503.8731831,1,3.01,1,In,1,1B,1
32,BGE,8/6/2426,219-376-4,CCCCOCC1CO1,1,10.51236377,16.88538489,4.139342659,1,107.1,0,148.9,1,In,1,1B,1
33,Bis-GMA,1565-94-2,216-367-7,CC(=C)C(=O)OCC(O)COc1ccc(cc1)C(C)(C)c1ccc(OCC(O)COC(=O)C(C)=C)cc1,1,29.3539336,58.70786721,0,1,3.112996077,1,5.31,1,In,1,1B,1
34,Bourgeonal,18127-01-0,242-016-2,CC(C)(C)c1ccc(CCC=O)cc1,1,20.25,36.2,4.3,0,0.74,1,10.33,1,In,1,1B,1
35,1-Bromobutane,109-65-9,203-691-9,CCCCBr,,,,,0,,0,>200,0,In,0,NC,1
36,1-Bromohexane,111-25-1,203-850-2,CCCCCCBr,1,5.966313296,11.93262659,0,1,2,0,>200,0,In,0,NC,1
37,Bromothalonil,35691-65-7,252-681-0,BrCC(Br)(CCC#N)C#N,1,55.18013166,99.96026332,10.4,1,4.03,1,3,1,In,1,1A,1
38,Butan-1-ol,71-36-3,200-751-6,CCCCO,0,0.387623055,0.066941049,0.708305062,0,1.15,0,>200,0,Out,0,NC,0
39,2-Butoxyethyl acetate,112-07-2,203-933-3,CCCCOCCOC(C)=O,0,0.45,0.5,0.4,0,1.175570108,0,>200,0,In,0,NC,0
40,Butyl acrylate,141-32-2,205-480-7,CCCCOC(=O)C=C,1,39.17204972,72.62151578,5.722583659,1,6.897523175,1,6.03,1,In,1,1B,1
41,L-Carvone,6485-40-1,229-352-5,CC(=C)[C@@H]1CC=C(C)C(=O)C1,1,10.78259019,20.24820186,1.316978524,1,54,1,19.4,1,In,1,1B,1
42,CD-3,25646-71-3,247-161-5,OS(O)(=O)=O.OS(O)(=O)=O.OS(O)(=O)=O.CCN(CCNS(C)(=O)=O)c1ccc(N)c(C)c1.CCN(CCNS(C)(=O)=O)c1ccc(N)c(C)c1,1,50.7060843,99.74738472,1.664783875,1,115.7766787,1,1.07,1,In,1,1A,1
43,Chloramine-T,127-65-1,204-854-7,[Na+].Cc1ccc(cc1)S(=O)(=O)[N-]Cl,1,99.1,100,98.2,1,50.23378918,1,41.86,1,In,1,1B,1
44,3-Chloro-p-anisaldehyde,9/7/4903,225-532-2,COc1ccc(C=O)cc1Cl,1,18.7,32.6,4.8,0,1.348872715,1,31.23,1,In,1,1B,0
45,Chlorobenzene,108-90-7,203-628-5,Clc1ccccc1,,,,,0,1.5,0,>200,1,In,1,1B,0
46,Chlorothalonil,1897-45-6,217-588-1,Clc1c(Cl)c(C#N)c(Cl)c(C#N)c1Cl,1,48.22130712,95.63213158,0.810482673,1,6.677211476,,,1,In,1,1A,1
47,Chlorpromazine,50-53-3,200-045-8,CN(C)CCCN1c2ccccc2Sc2ccc(Cl)cc12,1,24.55,48.2,0.9,0,1.07,1,5.7,1,In,1,1A,0
48,Cinnamaldehyde,104-55-2,203-213-9,O=CC=Cc1ccccc1,1,65.11964039,37.45801133,92.78126945,1,16.24,1,1,1,In,1,1A,1
49,Cinnamic alcohol,104-54-1,203-212-3,OCC=Cc1ccccc1,0,0,0,0,1,1.75,1,21.4,1,In,1,1B,1
50,Cinnamonitrile,1885-38-7,217-552-5,N#CC=Cc1ccccc1,,,,,1,1.85,1,99.47,1,In,1,1B,1
51,Citral,5392-40-5,226-394-6,CC(C)=CCCC(C)=CC=O,1,10.16214728,15.05532405,5.268970503,1,96.42,1,3.7,1,In,1,1B,1
52,Citronellol,106-22-9,203-375-0,C[C@@H](CCO)CCC=C(C)C,0,0.122743903,0.245487807,0,0,1.39,1,25.1,1,In,1,1B,1
53,Clofibrate,637-07-0,211-277-4,CCOC(=O)C(C)(C)Oc1ccc(Cl)cc1,0,0,0,0,0,1.1,0,>200,0,In,0,NC,0
54,Coumarin,91-64-5,202-086-7,O=C1Oc2ccccc2C=C1,,,,,1,35.22,0,151.8,0,In,0,NC,0
55,Cyclamen aldehyde,103-95-7,203-161-7,CC(Cc1ccc(cc1)C(C)C)C=O,1,8.204892881,16.40978576,0,1,3.142524441,1,30.48,1,In,1,1B,1
56,trans-Dec-2-enal,3913-81-3,223-474-2,CCCCCCCC=CC=O,1,49.1,75,23.2,1,11.11022927,1,4.29,1,In,1,1B,1
57,DEET,134-62-3,205-149-7,CCN(CC)C(=O)c1cccc(C)c1,1,20.62063061,32.13238117,9.108880058,0,1.07,1,52.9,1,In,1,1B,0
58,Diacetyl,431-03-8,207-069-8,CC(=O)C(C)=O,1,47.1368598,91.72959889,2.54412071,1,37.22096142,1,10.89,1,In,1,1A,1
59,"2,5-Diaminotoluene sulfate",615-50-9,210-431-8,OS(O)(=O)=O.Cc1cc(N)ccc1N,1,60.82209274,99.94418547,21.7,1,43.8,1,1.7,1,In,1,1A,1
60,Dibenzoyl peroxide,94-36-0,202-327-6,O=C(OOC(=O)c1ccccc1)c1ccccc1,1,92.49964147,100,84.99928295,0,1.36,1,26.7,1,In,1,1B,0
61,Dibenzyl ether,103-50-4,203-118-2,C(OCc1ccccc1)c1ccccc1,1,32.2,59.9,4.5,1,3.37,0,>200,1,In,1,1B,1
62,Dibutyl phthalate,84-74-2,201-557-4,CCCCOC(=O)c1ccccc1C(=O)OCCCC,0,0,0,0,1,2.867724574,1,97.5,0,In,0,NC,0
63,"N,N-Dibutylaniline",613-29-6,210-335-6,CCCCN(CCCC)c1ccccc1,0,0.077456432,0.154912865,0,0,1.402913213,1,20.56,1,In,0,NC,0
64,"1,1-Dichloroethene",75-35-4,200-864-0,ClC(Cl)=C,0,0.005110157,0,0.010220314,0,1.032466947,0,>200,0,In,0,NC,0
65,Diethyl maleate,141-05-9,205-451-9,CCOC(=O)C=CC(=O)OCC,1,48.00180447,93.00492763,2.998681307,1,60.73,1,7,1,In,1,1A,1
66,Diethyl phthalate,84-66-2,201-550-6,CCOC(=O)c1ccccc1C(=O)OCC,0,0.321489553,0.54111768,0.101861425,0,1.07,0,121,0,In,0,NC,0
67,Diethyl sulfate,64-67-5,200-589-6,CCOS(=O)(=O)OCC,0,0.547425942,0.594262558,0.500589327,1,7.183650611,1,21.6,1,In,1,1B,1
68,Diethylenetriamine,111-40-0,203-865-4,NCCNCCN,1,5.731523379,11.46304676,0,0,1.49,0,>200,1,In,1,1B,0
69,"3,4-Dihydrocoumarin",119-84-6,204-354-9,O=C1CCc2ccccc2O1,1,12.42380731,2.309172081,22.53844254,0,1.017617057,0,>200,1,In,1,1B,1
70,Dihydroeugenol,2785-87-7,220-499-0,CCCc1ccc(O)c(OC)c1,1,21,15.3,26.7,1,1.539323235,1,46.8,1,In,1,1B,0
71,Dihydromyrcenol,18479-58-8,242-362-4,CC(CCCC(C)(C)O)C=C,,,,,0,1.06,0,>200,0,Out,0,NC,0
72,Dimethyl fumarate,624-49-7,210-849-0,COC(=O)C=CC(=O)OC,1,52.35,100,4.7,1,20.19,1,1.4,1,In,1,1A,1
73,3-(Dimethylamino)propylamine,109-55-7,203-680-9,CN(C)CCCN,1,19.9165724,39.8331448,0,1,30.2,0,103.2,1,In,1,1B,1
74,Diphenylcyclopropenone,886-38-4,212-948-4,O=C1C(c2ccccc2)=C1c1ccccc1,1,37.31283982,70.20701203,4.4186676,1,28.05,1,0.2,1,In,1,1A,1
75,Disodium 2-[4-[[2-cyano-3-[4-[methyl(2-sulphonatoethyl)amino]phenyl]-1-oxoallyl]amino]phenyl]-6-methylbenzothiazole-7-sulphonate,2498-95-5,219-694-3,[Na+].[Na+].CN(CCS([O-])(=O)=O)c1ccc(cc1)C=C(C#N)C(=O)Nc1ccc(cc1)-c1nc2ccc(C)c(c2s1)S([O-])(=O)=O,,,,,0,0.81,,,1,In,0,NC,1
76,DMSO,67-68-5,200-664-3,C[S+](C)[O-],0,0.1,0.2,0,0,1.23,0,>200,0,In,0,NC,0
77,"DNBS, sodium salt",885-62-1,212-943-7,OS(=O)(=O)c1ccc(cc1[N+]([O-])=O)[N+]([O-])=O,1,33.35,65.1,1.6,1,10.63271734,1,58.08,1,In,1,1B,1
78,DNCB,97-00-7,202-551-4,[O-][N+](=O)c1ccc(Cl)c(c1)[N+]([O-])=O,1,53.85480359,100,7.709607186,1,14.85,1,<1,1,In,1,1A,1
79,EGDMA,97-90-5,202-617-2,CC(=C)C(=O)OCCOC(=O)C(C)=C,1,13.23228396,22.90910619,3.555461726,1,188.39,1,80.9,1,In,1,1B,1
80,Ethyl acrylate,140-88-5,205-438-8,CCOC(=O)C=C,1,55.89509661,100,11.79019323,1,1.15,1,5.5,1,In,1,1A,1
81,Ethyl benzoylacetate,94-02-0,202-295-3,CCOC(=O)CC(=O)c1ccccc1,,,,,1,3.3,0,>200,0,In,0,NC,0
82,Ethyl vanillin,121-32-4,204-464-7,CCOc1cc(C=O)ccc1O,0,1.840988921,3.325152403,0.356825439,1,5.449837341,1,65.99,1,In,0,NC,0
83,2-Ethylbutanal,97-96-1,202-623-5,CCC(CC)C=O,1,58.86888764,100,17.73777528,1,17.59411699,0,>200,1,In,1,1B,1
84,Ethylene brassylate,105-95-3,203-347-8,O=C1CCCCCCCCCCCC(=O)OCCO1,,,,,0,1.16,1,74.52,0,In,0,NC,0
85,Ethylene diamine (free base),107-15-3,203-486-6,NCCN,0,2.93429254,5.523794868,0.344790213,1,13.19,1,16.1,1,In,1,1B,1
86,2-Ethylhexyl acrylate,103-11-7,203-080-7,CCCCC(CC)COC(=O)C=C,1,41.64043687,72.10480907,11.17606468,1,3.469967524,1,15.14,1,In,1,1B,1
87,Eugenol,97-53-0,202-589-1,COc1cc(CC=C)ccc1O,1,34.85904542,58.7563377,10.96175314,0,1.25,1,29.4,1,In,1,1B,1
88,Farnesal,502-67-0,242-957-9,CC(C)=CCCC(C)=CCCC(C)=CC=O,1,43.95,77.2,10.7,1,2.251540187,1,5.88,1,In,1,1B,1
89,Farnesol,4602-84-0,225-004-1,CC(C)=CCCC(C)=CCCC(C)=CCO,1,12.1441149,24.2882298,0,1,1.62,1,8,1,In,1,1B,1
90,2-Fluoro-5-nitroaniline,369-36-8,206-720-3,Nc1cc(ccc1F)[N+]([O-])=O,0,3.605892972,7.211785945,0,1,1.8,0,132.6,0,In,0,NC,0
91,Formaldehyde,50-00-0,200-001-8,C=O,1,20.71068887,41.42137773,0,1,16.92,1,5.7,1,In,1,1A,1
92,Furil,492-94-4,207-766-7,O=C(C(=O)c1ccco1)c1ccco1,,,,,1,23.19328023,1,19.71,1,In,1,1B,1
93,Geraniol,106-24-1,203-377-1,CC(C)=CCCC(C)=CCO,1,6.104348867,12.20869773,0,1,2.05,1,53.6,1,In,1,1B,1
94,Glutaraldehyde,111-30-8,203-856-5,O=CCCCC=O,1,45.15629934,20.14466713,70.16793154,1,80.72,1,83,1,In,1,1A,1
95,Glycerol,56-81-5,200-289-5,OCC(O)CO,0,0.034038055,0,0.068076111,0,1.17,0,>200,0,Out,0,NC,0
96,Glyoxal,107-22-2,203-474-9,O=CC=O,1,10.50119372,20.17551301,0.826874428,1,28.19,1,32.6,1,In,1,1B,1
97,Helional,1205-17-0,214-881-6,CC(Cc1ccc2OCOc2c1)C=O,,,,,1,9.89,1,8.83,1,In,1,1B,1
98,"Hepta-2,4-dienal",5910-85-0,227-627-4,CCC=CC=CC=O,1,47.99577407,82.0973629,13.89418524,1,98.0684509,1,<1,1,In,1,1A,1
99,n-Hexane,110-54-3,203-777-6,CCCCCC,0,1.054100118,1.074972036,1.0332282,0,1.14,0,>200,0,In,0,NC,0
100,trans-Hex-2-enal,6728-26-3,229-778-1,CCCC=CC=O,1,33.33654531,46.60550324,20.06758738,1,85.37,1,4,1,In,1,1A,1
101,Hexyl salicylate,6259-76-3,228-408-6,CCCCCCOC(=O)c1ccccc1O,0,0,0,0,0,1.5,1,27.3,0,In,1,1B,0
102,alpha-Hexylcinnamaldehyde,101-86-0,202-983-3,CCCCCCC(C=O)=Cc1ccccc1,0,0.580203289,1.160406579,0,1,2.68,1,4.9,1,In,0,NC,0
103,2-Hexylidenecyclopentanone,17373-89-6,241-411-7,CCCCCC=C1CCCC1=O,1,56.55,98,15.1,1,15.86,,,1,In,1,1B,1
104,HHPA,85-42-7,201-604-9,O=C1OC(=O)C2CCCCC21,1,50.65,3.4,97.9,0,1.092011827,0,>200,1,In,1,1B,0
105,Hydratropaldehyde,93-53-8,202-255-5,CC(C=O)c1ccccc1,1,19.44927282,26.11656096,12.78198467,1,9.100439913,1,3.76,1,In,1,1B,1
106,Hydrocortisone,50-23-7,200-020-1,C[C@]12CCC(=O)C=C1CC[C@H]1[C@@H]3CC[C@](O)(C(=O)CO)[C@@]3(C)C[C@H](O)[C@@H]12,1,8.85,15.4,2.3,1,32.21,0,>200,0,Out,0,NC,1
107,Hydroquinone,123-31-9,204-617-8,Oc1ccc(O)cc1,1,79.05890561,100,58.11781123,1,16.39,1,0.6,1,In,1,1A,1
108,4-Hydroxybenzoic acid,99-96-7,202-804-9,OC(=O)c1ccc(O)cc1,0,0.782986389,1.565972777,0,0,1.146455788,0,>200,1,Out,0,NC,0
109,Hydroxycitronellal,107-75-5,203-518-7,CC(CCCC(C)(C)O)CC=O,1,22.59574338,36.31754161,8.873945148,1,137.13,1,6.4,1,In,1,1B,1
110,2-Hydroxyethyl acrylate,818-61-1,212-454-9,OCCOC(=O)C=C,1,61.31553098,100,22.63106195,1,54.85,1,2.1,0,Out,1,1B,1
111,2-Hydroxypropyl methacrylate,923-26-2,213-090-3,CC(O)COC(=O)C(C)=C,1,7.175179413,13.72087873,0.629480091,1,1.940084685,1,94.83,0,Out,0,NC,1
112,Imidazolidinyl urea,39236-46-9,254-372-6,OCN1C(NC(=O)NCNC(=O)NC2N(CO)C(=O)NC2=O)C(=O)NC1=O,1,30.1210334,60.01634074,0.225726052,1,2.89,1,11.4,1,In,1,1B,1
113,Iodocarb,55406-53-6,259-627-5,CCCCNC(=O)OCC#CI,1,50,100,0,1,6.62,1,2,1,In,1,1A,1
114,1-Iodohexane,638-45-9,211-339-0,CCCCCCI,0,0,0,0,1,3.666324392,1,38.27,1,Out,1,1B,1
115,Isobergamate,68683-20-5,272-066-0,CC(C)C1CC=C(CCOC=O)CC=1,,,,,1,1.83,,,1,In,1,1B,1
116,Isobornyl acetate,125-12-2,204-727-6,CC(=O)O[C@H]1C[C@H]2CC[C@@]1(C)C2(C)C,,,,,0,0.95,0,>200,0,Out,1,1B,0
117,p-Isobutyl-alpha-methylhydrocinnamaldehyde,6658-48-6,229-695-0,CC(C)Cc1ccc(CC(C)C=O)cc1,,,,,0,1.03,1,4.56,1,In,1,1B,0
118,2-Isobutyl-4-methyltetrahydro-2H-pyran-4-ol,63500-71-0,613-238-0,CC(C)CC1CC(C)(O)CCO1,,,,,0,1.42,0,188.81,0,In,0,NC,0
119,Isoeugenol,97-54-1,227-678-2,COc1cc(C=CC)ccc1O,1,57.09782587,93.4845549,20.71109683,1,6.41,1,44.8,1,In,1,1B,1
120,alpha-Isomethylionone,127-51-5,204-846-3,CC(=O)C(C)=CC1C(C)=CCCC1(C)C,1,9.042173486,18.08434697,0,0,1.03,1,22.3,1,In,1,1B,0
121,Isopropanol,67-63-0,200-661-7,CC(C)O,0,0,0,0,0,1.17,0,>200,0,Out,0,NC,0
122,Isopropyl myristate,110-27-0,203-751-4,CCCCCCCCCCCCCC(=O)OC(C)C,0,0.324958076,0.649916151,0,0,1.2,0,>200,0,In,0,NC,0
123,Kanamycin,59-01-8,200-411-7,NCC1OC(OC2C(N)CC(N)C(OC3OC(CO)C(O)C(N)C3O)C2O)C(O)C(O)C1O,0,0.6,0.5,0.7,0,1.16,0,>200,1,In,0,NC,0
124,Kathon CG,55965-84-9,611-341-5; 911-418-6,CN1SC=CC1=O.CN1SC(Cl)=CC1=O,1,50,100,0,1,8.6,1,11.17,,,1,1A,1
125,Lactic acid,50-21-5,200-018-0,CC(O)C(O)=O,0,0.14111562,0.190641998,0.091589241,0,1.32,0,>200,0,In,0,NC,0
126,Lauryl gallate,1166-52-5,214-620-6,CCCCCCCCCCCCOC(=O)c1cc(O)c(O)c(O)c1,1,93.24439722,100,86.48879444,1,2.52,1,0.7,1,In,1,1A,1
127,Lilial,80-54-6,201-289-8,CC(Cc1ccc(cc1)C(C)(C)C)C=O,1,11.24332283,20.37900128,2.107644383,0,1.15,1,8.9,1,In,1,1B,1
128,D-Limonene,5989-27-5,227-813-5,CC(=C)[C@@H]1CCC(C)=CC1,1,16.54074226,33.08148452,0,0,1.14,1,30,1,In,1,1B,0
129,Linalool,78-70-6,201-134-4,CC(C)=CCCC(C)(O)C=C,0,0.008843297,0.017686594,0,0,1.22,1,41.4,1,In,1,1B,0
130,Maleic anhydride,108-31-6,203-571-6,O=C1OC(=O)C=C1,1,98.49300215,100,96.9860043,0,2.462223481,0,>200,1,In,1,1B,1
131,2-Mercaptobenzothiazole,149-30-4,205-736-8,Sc1nc2ccccc2s1,1,50,100,0,1,8.83,1,39.8,1,In,1,1A,1
132,2-Methoxy-p-cresol,93-51-6,202-252-9,COc1cc(C)ccc1O,1,9.197986908,8.990070387,9.405903429,0,1.02,1,13.3,1,In,1,1B,0
133,1-(4-Methoxyphenyl)pent-1-en-3-one,104-27-8,203-190-5,CCC(=O)C=Cc1ccc(OC)cc1,1,6.511770947,10.74906472,2.274477175,1,696.2222093,,,1,In,1,1B,1
134,Methyl acrylate,96-33-3,202-500-6,COC(=O)C=C,1,55.55,100,11.1,1,38.50077681,1,11.81,1,In,1,1A,1
135,Methyl 3-bromoproprionate,3395-91-3,222-247-5,COC(=O)CCBr,1,58.3536994,100,16.70739881,1,50.33010741,1,11.35,0,In,1,1B,1
136,Methyl dihydrojasmonate,24851-98-7,246-495-9,CCCCCC1C(CCC1=O)CC(=O)OC,,,,,0,1.89,,,0,Out,0,NC,0
137,Methyl methacrylate,80-62-6,201-297-1,COC(=O)C(C)=C,0,3.436984963,6.873969925,0,1,1.74,0,156.8,0,In,0,NC,1
138,Methyl methanesulphonate,66-27-3,200-625-0,COS(C)(=O)=O,1,14.41408789,21.3288193,7.499356482,1,516.4680175,1,2.44,1,In,1,1B,1
139,Methyl non-2-ynoate,111-80-8,203-909-2,CCCCCCC#CC(=O)OC,1,21.40655563,42.81311126,0,1,33.06,1,18,1,In,1,1B,1
140,Methyl oct-2-ynoate,111-12-6,203-836-6,CCCCCC#CC(=O)OC,1,46.68005598,93.29596221,0.064149757,1,46.62,1,39.1,1,In,1,1A,1
141,Methyl pyruvate,600-22-6,209-987-4,COC(=O)C(C)=O,0,0,0,0,0,1.103409068,0,>200,1,In,0,NC,0
142,Methyl o-toluate,89-71-4,201-932-2,COC(=O)c1ccccc1C,,,,,,,0,>200,1,Out,,,NA
143,1-(3-Methyl-2-benzofuranyl)ethanone,23911-56-0,429-100-6,CC(=O)c1oc2ccccc2c1C,,,,,0,2.06,0,>200,0,Out,1,1B,0
144,alpha-Methylcinnamaldehyde,101-39-3,202-938-8,CC(C=O)=Cc1ccccc1,1,29.33588385,57.05920103,1.612566674,1,138.83,1,9,1,In,1,1B,1
145,6-Methylcoumarin,92-48-8,202-158-8,Cc1ccc2OC(=O)C=Cc2c1,,,,,1,11.41,1,93.78,1,Out,0,NC,0
146,2-Methyldecanenitrile,69300-15-8,273-960-3,CCCCCCCCC(C)C#N,,,,,0,0.95,1,<10,0,In,1,1B,0
147,"6-Methylhepta-3,5-dien-2-one",1604-28-0,216-507-7,CC(=O)\C=C\C=C(C)C,,,,,1,435.04,1,9.31,1,In,1,1B,1
148,"5-Methylhexane-2,3-dione",13706-86-0,237-241-8,CC(C)CC(=O)C(C)=O,1,45.21089123,16.20632888,74.21545359,1,48.37,1,54.8,1,In,1,1B,1
149,Methylisothiazolinone,2682-20-4,220-239-6,CN1SC=CC1=O,1,39.45082085,78.9016417,0,1,22.6,1,9,1,In,1,1A,1
150,4-Methyl-2-nitroanisole,119-10-8,204-296-4,COc1ccc(C)cc1[N+]([O-])=O,0,0.365773199,0.731546398,0,1,2.283715081,0,150.48,0,Out,1,1B,1
151,Methylparaben,99-76-3,202-785-7,COC(=O)c1ccc(O)cc1,0,0.33107578,0.662151561,0,1,2.425864785,0,103.35,1,Out,0,NC,0
152,2-Methylundecanal,110-41-8,203-765-0,CCCCCCCCCC(C)C=O,1,8.45,16.9,0,1,7.684750591,1,60.75,1,In,1,1B,1
153,Metol,55-55-0,200-237-1,OS(O)(=O)=O.CNc1ccc(O)cc1.CNc1ccc(O)cc1,1,59.5541337,100,19.1082674,1,10.3,1,<1,1,In,1,1A,1
154,1-Naphthol,90-15-3,201-969-4,Oc1cccc2ccccc12,1,42.71919726,70.94166372,14.49673081,1,1.780006546,1,2.51,1,In,1,1B,1
155,Neomycin sulfate,1405-10-3,215-773-1,OS(O)(=O)=O.NC[C@@H]1OC(O[C@@H]2[C@@H](CO)O[C@@H](O[C@@H]3[C@@H](O)[C@H](N)C[C@H](N)[C@H]3O[C@H]3O[C@H](CN)[C@@H](O)[C@H](O)[C@H]3N)[C@@H]2O)[C@H](N)[C@@H](O)[C@@H]1O,1,5.05,9.3,0.8,0,1.1,0,>200,1,In,1,1B,NA
156,4-Nitrobenzyl bromide,100-11-8,202-820-6,[O-][N+](=O)c1ccc(CBr)cc1,1,77.97492201,98.29126711,57.65857691,1,6.850668102,1,0.4,1,In,1,1A,1
157,2-Nitro-p-phenylenediamine,5307-14-2,226-164-5,Nc1ccc(N)c(c1)[N+]([O-])=O,1,15.67844236,31.35688473,0,1,4.53,1,5.4,1,In,1,1B,1
158,cis-6-Nonenal,2277-19-2,218-900-9,CCC=CCCCCC=O,1,12.6,16.7,8.5,1,9.785932675,1,5.93,1,In,1,1B,1
159,Octanoic acid,124-07-2,204-677-5,CCCCCCCC(O)=O,0,0.704485152,1.161405599,0.247564705,0,1.1,1,70.5,0,In,0,NC,0
160,OTNE,54464-57-2,259-174-3,CC1CC2CCCC(C)(C)C=2CC1(C)C(C)=O,0,1.6,2.6,0.6,0,1.32,1,21.34,1,In,1,1B,0
161,Oxalic acid,144-62-7,205-634-3,OC(=O)C(O)=O,0,0.133259264,0.115810559,0.150707969,1,2.715334657,0,>200,0,In,0,NC,1
162,Oxazolone,15646-46-5,239-713-9,CCOC=C1N=C(OC1=O)c1ccccc1,1,92.00416466,94.86915417,89.13917516,1,2.421118911,0,>200,1,In,1,1A,1
163,Penicillin G,61-33-6,200-506-3,CC1(C)S[C@@H]2[C@H](NC(=O)Cc3ccccc3)C(=O)N2[C@H]1C(O)=O,0,4.318699144,4.286538683,4.350859605,0,10.73,0,>200,1,In,1,1B,1
164,Pentachlorophenol,87-86-5,201-778-6,Oc1c(Cl)c(Cl)c(Cl)c(Cl)c1Cl,,,,,0,1,1,21.3,1,In,1,1B,1
165,Perillaldehyde,2111-75-3,218-302-8,CC(=C)C1CCC(C=O)=CC1,1,54.23308143,93.94523146,14.5209314,1,295.58,1,16.32,1,In,1,1A,1
166,3-Phenoxypropanenitrile,3055-86-5,221-278-1,N#CCCOc1ccccc1,0,3.378568964,0.295526259,6.461611669,0,1.097359017,0,131.4,0,Out,0,NC,1
167,Phenyl benzoate,93-99-2,202-293-2,O=C(Oc1ccccc1)c1ccccc1,0,2.946489618,3.754716425,2.138262811,0,1.28,0,100.7,1,In,1,1B,1
168,Phenylacetaldehyde,122-78-1,204-574-5,O=CCc1ccccc1,1,66.77112571,34.05248448,99.48976693,1,11.29,1,7,1,In,1,1A,1
169,p-Phenylenediamine,106-50-3,203-404-7,Nc1ccc(N)cc1,1,83.15649097,100,66.31298193,1,26.8,1,2.4,1,In,1,1A,1
170,"1-Phenylpropane-1,2-dione",579-07-7,209-435-2,CC(=O)C(=O)c1ccccc1,1,56.14808546,62.63147771,49.66469321,1,51.23269741,1,35,1,In,1,1A,1
171,Phthalic anhydride,85-44-9,201-607-5,O=C1OC(=O)c2ccccc12,1,50.09751928,0.195038569,100,0,1.265369406,0,>200,1,In,1,1B,0
172,Propyl gallate,121-79-9,204-498-2,CCCOC(=O)c1cc(O)c(O)c(O)c1,1,75.24649385,90.92230598,59.57068172,1,9.24,1,2,1,In,1,1A,1
173,Propylene glycol,57-55-6,200-338-0,CC(O)CO,0,0,0,0,0,1.24,0,>200,0,Out,0,NC,0
174,3-Propylidenephthalide,17369-59-4,241-402-8,CCC=C1OC(=O)c2ccccc12,1,11.12117603,9.926015029,12.31633704,0,1.1,1,10.08,0,Out,1,1B,1
175,Propylparaben,94-13-3,202-307-7,CCCOC(=O)c1ccc(O)cc1,,,,,1,9.7,1,23.9,0,In,1,1B,1
176,Pyridine,110-86-1,203-809-9,c1ccncc1,0,0.138895471,0,0.277790941,0,1.56,0,>200,0,In,0,NC,0
177,Resorcinol,108-46-3,203-585-2,Oc1cccc(O)c1,1,10.06481056,19.95794804,0.171673077,0,1.02,1,4.8,1,In,1,1B,0
178,Saccharin,81-07-2,201-321-0,O=C1NS(=O)(=O)c2ccccc12,0,0.814700699,0.858500545,0.770900853,0,1.121138371,0,>200,0,In,0,NC,0
179,Safranal,116-26-7,204-133-7,CC1C=CCC(C)(C)C=1C=O,1,27.45849002,44.20174508,10.71523496,1,339.0978295,1,12,1,In,1,1B,1
180,Salicylic acid,69-72-7,200-712-3,OC(=O)c1ccccc1O,0,0.369581333,0.739162666,0,0,1.13,0,>200,1,Out,0,NC,0
181,Sodium lauryl sulfate,151-21-3,205-788-1,[Na+].CCCCCCCCCCCCOS([O-])(=O)=O,0,0.2,0.2,0.2,0,1.16,1,54.6,0,In,0,NC,0
182,Squaric acid,2892-51-5,220-761-4,OC1=C(O)C(=O)C1=O,0,1.52511278,2.717801946,0.332423614,0,1.132248474,1,62.74,1,In,0,NC,0
183,Sulfanilamide,63-74-1,200-563-4,Nc1ccc(cc1)S(N)(=O)=O,0,0.92665232,1.85330464,0,0,1.371539774,0,>200,0,In,0,NC,0
184,Sulfanilic acid,121-57-3,204-482-5,Nc1ccc(cc1)S(O)(=O)=O,,,,,0,1.3,0,>200,0,In,0,NC,0
185,L-Tartaric acid,87-69-4,201-766-0,OC(C(O)C(O)=O)C(O)=O,,,,,0,1.16,0,>200,0,In,0,NC,0
186,Tetrachlorosalicylanilide,1154-59-2,214-576-8,Oc1c(Cl)cc(Cl)cc1C(=O)Nc1ccc(Cl)c(Cl)c1,1,46.50453829,90.71777115,2.291305425,1,4.84,1,2.4,0,Out,1,1A,1
187,"2,2,6,6-Tetramethylheptane-3,5-dione",1118-71-4,214-268-3,CC(C)(C)C(=O)CC(=O)C(C)(C)C,0,0.55887204,0.395829523,0.721914557,0,1.133924705,0,>200,1,In,1,1B,0
188,Thioglycerol,96-27-5,202-495-0,OCC(O)CS,,,,,0,1.5,1,88.2,1,In,1,1B,1
189,Thiram,137-26-8,205-286-2,CN(C)C(=S)SSC(=S)N(C)C,1,50,100,0,1,6.750299835,1,<0.1,0,Out,1,1A,1
190,alpha-Tocopherol,59-02-9,200-412-2,CC(C)CCC[C@@H](C)CCC[C@@H](C)CCC[C@]1(C)CCc2c(C)c(O)c(C)c(C)c2O1,0,1.75,3.5,0,1,2.09,0,>200,1,Out,0,NC,0
191,Triethanolamine,102-71-6,203-049-8,OCCN(CCO)CCO,0,0.15,0.2,0.1,0,1.11,0,189.5,0,In,0,NC,0
192,Trimellitic anhydride,552-30-7,209-008-0,OC(=O)c1ccc2C(=O)OC(=O)c2c1,1,51.04676146,2.44368829,99.64983463,0,1.138840843,0,>200,1,In,1,1A,1
193,Tropolone,533-75-5,208-577-2,OC1=CC=CC=CC1=O,0,3.155464933,6.310929866,0,1,2.592853738,1,2.5,1,In,1,1B,1
194,Undec-10-enal,112-45-8,203-973-1,C=CCCCCCCCCC=O,0,1.078934702,2.157869405,0,1,2.965974807,1,9.24,1,In,0,NC,0
195,Vanillin,121-33-5,204-465-2,COc1cc(C=O)ccc1O,0,1.719243719,3.20279831,0.235689127,0,1.4,1,49.9,1,In,0,NC,0
196,4-Vinylpyridine,100-43-6,202-852-0,C=Cc1ccncc1,1,50.35,100,0.7,1,134.4231721,1,3.13,1,In,1,1A,1
